energy_GeV,fit,pull_category,jet,variable,branch,stage,selection,selected_events,visible_fills,hist_mean,hist_rms,gaussian_mu,gaussian_mu_error,gaussian_sigma,gaussian_sigma_error,gaussian_fit_status,gaussian_chi2_ndf
240.0,4C,pull4C_standard,1,alpha,pull4C_standard_alpha_j1,before,pull4C_standard_valid > 0.5,45815,41732,-0.3882612357026532,1.195748033687494,-0.26003690237932275,0.004112945416298114,0.7402606963859119,0.0059970955989573915,4000,90.35925080836604
240.0,4C,pull4C_standard,1,alpha,pull4C_standard_alpha_j1,after,(pull4C_standard_valid > 0.5) && (prob_4C > 0.029999999999999999),29035,29035,-0.2203909185836795,0.7025648545233792,-0.2190227488224314,0.0036118236574393166,0.576918795077891,0.004830614307702374,4000,52.975062667658136
240.0,4C,pull4C_standard,1,theta,pull4C_standard_theta_j1,before,pull4C_standard_valid > 0.5,45815,35830,0.02271710966998413,1.6403918181999937,0.013408473396388582,0.00671520660161068,1.1291295562307977,0.008043459853464663,4000,37.594468540347876
240.0,4C,pull4C_standard,1,theta,pull4C_standard_theta_j1,after,(pull4C_standard_valid > 0.5) && (prob_4C > 0.029999999999999999),29035,29035,0.014428460006661448,1.0360384343720588,0.014372428637742813,0.006099494023153475,0.9972696899810479,0.006737765161101139,4000,26.090411945495287
240.0,4C,pull4C_standard,1,phi,pull4C_standard_phi_j1,before,pull4C_standard_valid > 0.5,45815,37432,0.022183698953901185,1.5889042750357287,0.013649425348179029,0.006374699101169657,1.1041327358529216,0.007596942780351501,4000,41.0692177615599
240.0,4C,pull4C_standard,1,phi,pull4C_standard_phi_j1,after,(pull4C_standard_valid > 0.5) && (prob_4C > 0.029999999999999999),29035,29035,0.015003610234348218,0.9878176564180676,0.011380524940896454,0.005718284324295168,0.9374469630376258,0.0063966190385285615,4000,28.33911335103141
240.0,4C,pull4C_standard,1,x,pull4C_standard_x_j1,before,pull4C_standard_valid > 0.5,45815,41757,-0.352199875842003,1.204096345707918,-0.2354195719502608,0.004089128109167997,0.7423332248747007,0.0060223900024140575,4000,91.02211000789276
240.0,4C,pull4C_standard,1,x,pull4C_standard_x_j1,after,(pull4C_standard_valid > 0.5) && (prob_4C > 0.029999999999999999),29035,29035,-0.2115299873435716,0.7024550793828397,-0.21024626935138813,0.0036007601845536434,0.5758525397376254,0.004844481496326325,4000,52.99456447307296
240.0,4C,pull4C_final,1,alpha,pull4C_final_alpha_j1,before,pull4C_final_valid > 0.5,45815,44941,-0.2107188523203696,0.9887263639636421,-0.21121778381992998,0.00343726878699829,0.6777424687148134,0.004714358220254733,4000,85.4185147905524
240.0,4C,pull4C_final,1,alpha,pull4C_final_alpha_j1,after,(pull4C_final_valid > 0.5) && (prob_final_4C > 0.029999999999999999),39139,39139,-0.20857747759641185,0.7386861733735952,-0.2122052279158503,0.003310376843146002,0.6188088670597393,0.004350859900157877,4000,67.06681952252974
240.0,4C,pull4C_final,1,theta,pull4C_final_theta_j1,before,pull4C_final_valid > 0.5,45815,44029,0.013925556788474559,1.2951125218670534,0.013984177714811086,0.005240227642313612,1.0258546220208389,0.006132542740637903,4000,45.86080375488575
240.0,4C,pull4C_final,1,theta,pull4C_final_theta_j1,after,(pull4C_final_valid > 0.5) && (prob_final_4C > 0.029999999999999999),39139,39139,0.009424495731896613,0.9921653171218066,0.01135113048393385,0.004942674765564426,0.9429857249039577,0.005526178108273994,4000,35.86841440032262
240.0,4C,pull4C_final,1,phi,pull4C_final_phi_j1,before,pull4C_final_valid > 0.5,45815,43553,0.015151523326773237,1.3194770130351703,0.010180502617441736,0.005097746585836106,0.9901647077038908,0.006072773496816952,4000,48.88634336518489
240.0,4C,pull4C_final,1,phi,pull4C_final_phi_j1,after,(pull4C_final_valid > 0.5) && (prob_final_4C > 0.029999999999999999),39139,39139,0.011261947223955843,0.9798678976366255,0.009463067630679205,0.004868856999897909,0.9273129282811933,0.005562695919516303,4000,39.27276186605086
240.0,4C,pull4C_final,1,x,pull4C_final_x_j1,before,pull4C_final_valid > 0.5,45815,44932,-0.19404209231695788,0.9883159415449018,-0.19898565792597617,0.003441353324403395,0.6793239979244031,0.004733959505761887,4000,86.10975995622894
240.0,4C,pull4C_final,1,x,pull4C_final_x_j1,after,(pull4C_final_valid > 0.5) && (prob_final_4C > 0.029999999999999999),39139,39139,-0.1997325734085494,0.7385528398783526,-0.20367327286430215,0.0033021365810364848,0.617673227855415,0.004359007130342207,4000,67.29094477536879
240.0,5C,pull5C_standard,1,alpha,pull5C_standard_alpha_j1,before,pull5C_standard_valid > 0.5,45771,33530,-0.10693128857858118,1.9491020803115584,-0.14318164306472778,0.010176265269411625,1.4886783015019376,0.011954433331982206,4000,16.26199293011575
240.0,5C,pull5C_standard,1,alpha,pull5C_standard_alpha_j1,after,(pull5C_standard_valid > 0.5) && (prob_5C > 0.029999999999999999),3666,3666,-0.17992290572770978,0.6976833610830457,-0.19482797676927877,0.010264643206142612,0.5958970185467581,0.012135730438976366,4000,5.085702303638557
240.0,5C,pull5C_standard,1,theta,pull5C_standard_theta_j1,before,pull5C_standard_valid > 0.5,45771,9021,0.014330932514900458,2.7559071663359154,0.08298980630094108,0.15781962959530568,4.476856908144263,0.46273602027875205,4000,1.109141147436541
240.0,5C,pull5C_standard,1,theta,pull5C_standard_theta_j1,after,(pull5C_standard_valid > 0.5) && (prob_5C > 0.029999999999999999),3666,3666,0.028899759777869093,1.697896942697532,0.03770600009572382,0.07034357090861587,2.5484181275331244,0.11378143076467162,4000,0.8518176086908771
240.0,5C,pull5C_standard,1,phi,pull5C_standard_phi_j1,before,pull5C_standard_valid > 0.5,45771,8980,0.020624919239770494,2.7630535296991487,0.007300559139793967,0.13770371612091975,4.169743526960096,0.36968178615085456,4000,1.044409383315843
240.0,5C,pull5C_standard,1,phi,pull5C_standard_phi_j1,after,(pull5C_standard_valid > 0.5) && (prob_5C > 0.029999999999999999),3666,3666,0.017348780406410216,1.696022490189202,0.004940625435762027,0.06917158376637693,2.524991500638691,0.10920894591216856,4000,0.7147260821186322
240.0,5C,pull5C_standard,1,x,pull5C_standard_x_j1,before,pull5C_standard_valid > 0.5,45771,23378,-0.2842368634767861,2.2772427588729087,-0.28352538043063524,0.01955184459803923,1.9323919081937417,0.026169526086127437,4000,5.435693856881032
240.0,5C,pull5C_standard,1,x,pull5C_standard_x_j1,after,(pull5C_standard_valid > 0.5) && (prob_5C > 0.029999999999999999),3666,3666,-0.16432623361969334,0.8868238786404302,-0.16914395963026846,0.014303907818748803,0.8356827594164615,0.01548966647405825,4000,4.049357504072994
240.0,5C,pull5C_final,1,alpha,pull5C_final_alpha_j1,before,pull5C_final_valid > 0.5,45771,36450,0.17634093043141744,1.8164592744579215,0.09358090270168028,0.008498640604184345,1.3474529921500822,0.009670506822761049,4000,24.701561346656028
240.0,5C,pull5C_final,1,alpha,pull5C_final_alpha_j1,after,(pull5C_final_valid > 0.5) && (prob_final_5C > 0.029999999999999999),10237,10237,-0.006591571765036879,0.8066267470611692,-0.019433385833902462,0.007738910593485602,0.7453172998199532,0.008466427831147816,4000,10.031351865032244
240.0,5C,pull5C_final,1,theta,pull5C_final_theta_j1,before,pull5C_final_valid > 0.5,45771,21433,0.0033309079693853096,2.2741948084702526,-0.003673952557965952,0.02070152234661916,1.9841008231412616,0.02861330554840469,4000,3.3116846369522674
240.0,5C,pull5C_final,1,theta,pull5C_final_theta_j1,after,(pull5C_final_valid > 0.5) && (prob_final_5C > 0.029999999999999999),10237,10237,0.003998532960726395,1.3508145205355155,-0.0019019048437469914,0.015758216904911505,1.4149945730848448,0.016078236707774973,4000,2.2727789374463274
240.0,5C,pull5C_final,1,phi,pull5C_final_phi_j1,before,pull5C_final_valid > 0.5,45771,19711,0.011798436192638685,2.303381063060387,0.017253150807581386,0.02206450103996605,2.005318674972709,0.030573555896211135,4000,2.99214242513707
240.0,5C,pull5C_final,1,phi,pull5C_final_phi_j1,after,(pull5C_final_valid > 0.5) && (prob_final_5C > 0.029999999999999999),10237,10237,0.011638400405524486,1.4095323221931804,0.010592298739536675,0.017758604881766428,1.5336364058621972,0.019241370120397283,4000,2.420261555815081
240.0,5C,pull5C_final,1,x,pull5C_final_x_j1,before,pull5C_final_valid > 0.5,45771,30710,-0.007334200220705079,1.9892008497123703,0.020977721217093577,0.010974673783481888,1.517801087211013,0.01309570529700188,4000,15.06735692171258
240.0,5C,pull5C_final,1,x,pull5C_final_x_j1,after,(pull5C_final_valid > 0.5) && (prob_final_5C > 0.029999999999999999),10237,10237,-0.006185389941569964,0.8908163112246062,-0.00016836568330017335,0.008699660132385104,0.8575103731987412,0.008949836470037498,4000,7.493253030237077
240.0,4C,pull4C_standard,2,alpha,pull4C_standard_alpha_j2,before,pull4C_standard_valid > 0.5,45815,40787,-0.31372063887180723,1.214368805749174,-0.18908080481459155,0.0038159603420912483,0.6681439296511924,0.0057155146766057485,4000,97.15126124385114
240.0,4C,pull4C_standard,2,alpha,pull4C_standard_alpha_j2,after,(pull4C_standard_valid > 0.5) && (prob_4C > 0.029999999999999999),29035,29035,-0.21435755646141658,0.6620045328181917,-0.17472329683392468,0.0033823640206384975,0.5266158868157501,0.004479005148646742,4000,56.01993270492117
240.0,4C,pull4C_standard,2,theta,pull4C_standard_theta_j2,before,pull4C_standard_valid > 0.5,45815,35865,0.016143056372158127,1.6391335994085896,0.017601644886554156,0.00672088482626106,1.1309204404207573,0.008036757961209728,4000,37.3481185256945
240.0,4C,pull4C_standard,2,theta,pull4C_standard_theta_j2,after,(pull4C_standard_valid > 0.5) && (prob_4C > 0.029999999999999999),29035,29035,0.016881544086849047,1.0335429034315275,0.01962759186837953,0.006088167288692579,0.9958613859149592,0.006732301526246098,4000,25.789783679003257
240.0,4C,pull4C_standard,2,phi,pull4C_standard_phi_j2,before,pull4C_standard_valid > 0.5,45815,37524,-0.016900323215991248,1.5915362593170388,-0.009942979407280419,0.006413379171173117,1.1118346023423724,0.007575019458705645,4000,39.294145084076376
240.0,4C,pull4C_standard,2,phi,pull4C_standard_phi_j2,after,(pull4C_standard_valid > 0.5) && (prob_4C > 0.029999999999999999),29035,29035,-0.007909283762906356,0.9864457932801162,-0.0038841597530867643,0.005707322351048707,0.9378614897882733,0.006245994424919132,4000,26.091891329725154
240.0,4C,pull4C_standard,2,x,pull4C_standard_x_j2,before,pull4C_standard_valid > 0.5,45815,40739,-0.2786891484666968,1.226507126594229,-0.16684117983174312,0.0038440549196065163,0.6799658537731178,0.005802376525349817,4000,95.95165598988582
240.0,4C,pull4C_standard,2,x,pull4C_standard_x_j2,after,(pull4C_standard_valid > 0.5) && (prob_4C > 0.029999999999999999),29035,29035,-0.2029710792466521,0.6631861453453527,-0.16414855190027922,0.0033929910348036232,0.5309794231572389,0.0045002200122895575,4000,54.941752029111605
240.0,4C,pull4C_final,2,alpha,pull4C_final_alpha_j2,before,pull4C_final_valid > 0.5,45815,44538,-0.27474095167785745,0.9764409468163953,-0.19406904235036804,0.003244444076933968,0.6104759542793365,0.0044459261841801045,4000,91.72548767406437
240.0,4C,pull4C_final,2,alpha,pull4C_final_alpha_j2,after,(pull4C_final_valid > 0.5) && (prob_final_4C > 0.029999999999999999),39139,39139,-0.21689681734859942,0.6894426053381011,-0.18081885433732822,0.0030730712985971367,0.5596550112227452,0.004029476921541708,4000,70.22185109963743
240.0,4C,pull4C_final,2,theta,pull4C_final_theta_j2,before,pull4C_final_valid > 0.5,45815,44025,0.01603928195424994,1.283781583954726,0.013647220347199772,0.0052701979105396,1.032584487995778,0.006126224131653091,4000,45.58563753055445
240.0,4C,pull4C_final,2,theta,pull4C_final_theta_j2,after,(pull4C_final_valid > 0.5) && (prob_final_4C > 0.029999999999999999),39139,39139,0.01184133147988185,0.9898935052114564,0.01490179821261952,0.004952523930178387,0.9443611080730338,0.005563560381580457,4000,36.41692987670824
240.0,4C,pull4C_final,2,phi,pull4C_final_phi_j2,before,pull4C_final_valid > 0.5,45815,43574,-0.0071985758371849295,1.3257086883176254,-0.00422970510068103,0.005121959617821317,0.9956081865050826,0.006010189161992363,4000,46.90817472858858
240.0,4C,pull4C_final,2,phi,pull4C_final_phi_j2,after,(pull4C_final_valid > 0.5) && (prob_final_4C > 0.029999999999999999),39139,39139,-0.005050781125932465,0.9821355325444507,-0.0021676332527473057,0.004892943449690111,0.9332906701816681,0.0054724794333173565,4000,36.799580642175066
240.0,4C,pull4C_final,2,x,pull4C_final_x_j2,before,pull4C_final_valid > 0.5,45815,44539,-0.25716417122855945,0.9796565765348366,-0.18117766682804287,0.0032441072459289118,0.6143062715793876,0.004459432176498912,4000,90.93360326736367
240.0,4C,pull4C_final,2,x,pull4C_final_x_j2,after,(pull4C_final_valid > 0.5) && (prob_final_4C > 0.029999999999999999),39139,39139,-0.2057130892461376,0.6905457465334134,-0.1704971277682337,0.0030746538571005738,0.5628885540664853,0.004023065616461263,4000,69.09462056580347
240.0,5C,pull5C_standard,2,alpha,pull5C_standard_alpha_j2,before,pull5C_standard_valid > 0.5,45771,32597,-0.15893924440590212,2.012826669871705,-0.1552663523292479,0.010797830024486756,1.522503577969557,0.013143099522407664,4000,16.80262281168562
240.0,5C,pull5C_standard,2,alpha,pull5C_standard_alpha_j2,after,(pull5C_standard_valid > 0.5) && (prob_5C > 0.029999999999999999),3666,3666,-0.179363727960505,0.6421970081407486,-0.1615029456887392,0.00967683974384682,0.5589300516021848,0.011342882498232176,4000,5.37353344312492
240.0,5C,pull5C_standard,2,theta,pull5C_standard_theta_j2,before,pull5C_standard_valid > 0.5,45771,8861,0.01383459165031701,2.774901480017624,0.020794357093470398,0.1908990742742426,4.908692779277961,0.6101797069337125,4000,1.0034638256325974
240.0,5C,pull5C_standard,2,theta,pull5C_standard_theta_j2,after,(pull5C_standard_valid > 0.5) && (prob_5C > 0.029999999999999999),3666,3666,0.013750350506996824,1.7207706723442302,-0.07706634506708748,0.07170742345936694,2.5449255455342983,0.11291899634552083,4000,1.0687789781297652
240.0,5C,pull5C_standard,2,phi,pull5C_standard_phi_j2,before,pull5C_standard_valid > 0.5,45771,9413,-0.009203110323660304,2.7508616147290508,-0.11486824700437699,0.15241756984848867,4.431008437583028,0.4322859083185677,4000,1.1480862038095827
240.0,5C,pull5C_standard,2,phi,pull5C_standard_phi_j2,after,(pull5C_standard_valid > 0.5) && (prob_5C > 0.029999999999999999),3666,3666,-0.028822022460940774,1.6620402229178313,-0.040420323525033094,0.061244191438983166,2.357517482343467,0.08893943485057632,4000,1.2637797113308453
240.0,5C,pull5C_standard,2,x,pull5C_standard_x_j2,before,pull5C_standard_valid > 0.5,45771,21586,-0.17866517135361318,2.2943122993828644,-0.22793111745195282,0.02025421073603528,1.9316571827297615,0.027906070263057803,4000,5.814216509950572
240.0,5C,pull5C_standard,2,x,pull5C_standard_x_j2,after,(pull5C_standard_valid > 0.5) && (prob_5C > 0.029999999999999999),3666,3666,-0.15705023700059165,0.9170912977216933,-0.16043287961920452,0.014347563020158792,0.8389009905991892,0.015144059307895141,4000,3.53662537724055
240.0,5C,pull5C_final,2,alpha,pull5C_final_alpha_j2,before,pull5C_final_valid > 0.5,45771,34774,-0.06029975723796624,1.8942839086087142,-0.08291606710278535,0.008911977595815933,1.3710202704383656,0.010696259683410592,4000,26.351959594966154
240.0,5C,pull5C_final,2,alpha,pull5C_final_alpha_j2,after,(pull5C_final_valid > 0.5) && (prob_final_5C > 0.029999999999999999),10237,10237,-0.07043199332895414,0.7895400988788344,-0.07333668867918348,0.007476429356341983,0.7295228080421556,0.008552686238095908,4000,10.67246814794044
240.0,5C,pull5C_final,2,theta,pull5C_final_theta_j2,before,pull5C_final_valid > 0.5,45771,20226,0.006722284911559917,2.33380044604125,0.01608519206326829,0.024818433935196612,2.1596999371745786,0.03676097445702764,4000,2.4425351979668646
240.0,5C,pull5C_final,2,theta,pull5C_final_theta_j2,after,(pull5C_final_valid > 0.5) && (prob_final_5C > 0.029999999999999999),10237,10237,0.01918741795093625,1.4258741363208143,0.01458118835906482,0.018223139379149413,1.5601335553893267,0.01948164650634332,4000,1.8031327800638808
240.0,5C,pull5C_final,2,phi,pull5C_final_phi_j2,before,pull5C_final_valid > 0.5,45771,19922,-0.010835441480196361,2.3333144880560113,-0.02167085971306182,0.02429367736019653,2.124682150411064,0.034809232381943334,4000,2.0497599702180067
240.0,5C,pull5C_final,2,phi,pull5C_final_phi_j2,after,(pull5C_final_valid > 0.5) && (prob_final_5C > 0.029999999999999999),10237,10237,-0.01723584944628719,1.4070955619851355,-0.008077590921970456,0.017838896239487447,1.5421713769790515,0.018788446141471904,4000,1.5085019668091972
240.0,5C,pull5C_final,2,x,pull5C_final_x_j2,before,pull5C_final_valid > 0.5,45771,29532,-0.07113157113440129,2.001470332229124,-0.058930954032327565,0.010879661193338604,1.4804642063890108,0.013205185733511593,4000,18.255625557788804
240.0,5C,pull5C_final,2,x,pull5C_final_x_j2,after,(pull5C_final_valid > 0.5) && (prob_final_5C > 0.029999999999999999),10237,10237,-0.062396854514529754,0.8811780369591375,-0.05344708315884103,0.00848403100623396,0.8373654704925477,0.008771984990240456,4000,7.627906439807542
240.0,4C,pull4C_standard,3,alpha,pull4C_standard_alpha_j3,before,pull4C_standard_valid > 0.5,45815,39978,-0.2564713150790622,1.2985766092777289,-0.16639275771540346,0.0043311743556269135,0.7735911933677391,0.006206829883512233,4000,82.67192383604285
240.0,4C,pull4C_standard,3,alpha,pull4C_standard_alpha_j3,after,(pull4C_standard_valid > 0.5) && (prob_4C > 0.029999999999999999),29035,29035,-0.1789751228793892,0.7184078934431003,-0.15263634250578853,0.003799808860335643,0.6073076595070743,0.0048916600360314755,4000,46.624176880671
240.0,4C,pull4C_standard,3,theta,pull4C_standard_theta_j3,before,pull4C_standard_valid > 0.5,45815,36096,0.018509534087570702,1.6311338229204009,0.01777261194207996,0.006759632419157118,1.1414172113735137,0.00797775426943137,4000,35.38963971057176
240.0,4C,pull4C_standard,3,theta,pull4C_standard_theta_j3,after,(pull4C_standard_valid > 0.5) && (prob_4C > 0.029999999999999999),29035,29035,0.014841479751558665,1.0350526983910524,0.014684083690677063,0.006088567113845074,0.9975028275367837,0.006596371069982732,4000,23.941888288292386
240.0,4C,pull4C_standard,3,phi,pull4C_standard_phi_j3,before,pull4C_standard_valid > 0.5,45815,37421,-0.0057882033030128375,1.6040526863119415,-0.010982113374187762,0.006497031652247247,1.1225468341215858,0.007617286663631151,4000,38.287957154280626
240.0,4C,pull4C_standard,3,phi,pull4C_standard_phi_j3,after,(pull4C_standard_valid > 0.5) && (prob_4C > 0.029999999999999999),29035,29035,-0.009022678437019841,0.995663205548756,-0.008436621888878391,0.005823043237724094,0.9566062055721627,0.006291754586517262,4000,25.40945525807321
240.0,4C,pull4C_standard,3,x,pull4C_standard_x_j3,before,pull4C_standard_valid > 0.5,45815,39928,-0.22488320681514828,1.308356093067166,-0.14376749843837391,0.0043620264435626,0.783244451367726,0.006262032180428478,4000,81.21229179449217
240.0,4C,pull4C_standard,3,x,pull4C_standard_x_j3,after,(pull4C_standard_valid > 0.5) && (prob_4C > 0.029999999999999999),29035,29035,-0.1665558449211121,0.720822188400665,-0.14018801302181977,0.003811384060130366,0.6113420446688376,0.004862744593466861,4000,45.24885259171437
240.0,4C,pull4C_final,3,alpha,pull4C_final_alpha_j3,before,pull4C_final_valid > 0.5,45815,44200,-0.2454437203299073,1.0692156882841797,-0.16854741767530945,0.003608337471576177,0.6906080804285488,0.004884083173159914,4000,81.04584386750462
240.0,4C,pull4C_final,3,alpha,pull4C_final_alpha_j3,after,(pull4C_final_valid > 0.5) && (prob_final_4C > 0.029999999999999999),39139,39139,-0.1805308822427284,0.7537690424822795,-0.1562704715985752,0.0034316755683098605,0.6385750937801112,0.004431364209311284,4000,62.084905253650184
240.0,4C,pull4C_final,3,theta,pull4C_final_theta_j3,before,pull4C_final_valid > 0.5,45815,43850,0.010250611789281138,1.3200043968909694,0.015900558722974453,0.005348143030608123,1.0427764942829862,0.006176206752061986,4000,43.04318781024554
240.0,4C,pull4C_final,3,theta,pull4C_final_theta_j3,after,(pull4C_final_valid > 0.5) && (prob_final_4C > 0.029999999999999999),39139,39139,0.012256422480422998,1.0023423434196383,0.012916481929223587,0.00502868944296179,0.9599113105494947,0.005522692944441798,4000,33.1963501843359
240.0,4C,pull4C_final,3,phi,pull4C_final_phi_j3,before,pull4C_final_valid > 0.5,45815,43702,-0.010863087944762184,1.3209157657671553,-0.012293906123021057,0.00517119806938627,1.0069065034351838,0.006038360330867798,4000,46.43881660714456
240.0,4C,pull4C_final,3,phi,pull4C_final_phi_j3,after,(pull4C_final_valid > 0.5) && (prob_final_4C > 0.029999999999999999),39139,39139,-0.00829182760423218,0.9827363277390334,-0.010426875567416168,0.0049240191602745054,0.9398028733359683,0.005440874613270308,4000,35.75738938146876
240.0,4C,pull4C_final,3,x,pull4C_final_x_j3,before,pull4C_final_valid > 0.5,45815,44202,-0.22789639693239838,1.073328383390446,-0.15454844762143066,0.0036206506803643144,0.6957451630007283,0.00489051056094586,4000,79.85504511315729
240.0,4C,pull4C_final,3,x,pull4C_final_x_j3,after,(pull4C_final_valid > 0.5) && (prob_final_4C > 0.029999999999999999),39139,39139,-0.1681653944359664,0.7562049736794904,-0.1442660789070326,0.003443278032587638,0.6425448823123855,0.004427855965239813,4000,60.87912965614014
240.0,5C,pull5C_standard,3,alpha,pull5C_standard_alpha_j3,before,pull5C_standard_valid > 0.5,45771,31636,-0.02645028449572264,2.090896215591379,-0.06824299064064913,0.012501796059436202,1.6611369595568315,0.015621009877821224,4000,11.241810319952442
240.0,5C,pull5C_standard,3,alpha,pull5C_standard_alpha_j3,after,(pull5C_standard_valid > 0.5) && (prob_5C > 0.029999999999999999),3666,3666,-0.14565518428628682,0.7186626070111077,-0.13505142843748702,0.010615043607369872,0.6151933793609868,0.012309666993623347,4000,5.201793519310954
240.0,5C,pull5C_standard,3,theta,pull5C_standard_theta_j3,before,pull5C_standard_valid > 0.5,45771,8892,-0.02432884310734407,2.7620808256519416,-0.28107390793013864,0.23787125723155034,5.326713858538194,0.7764185832842787,4000,0.7574049442674995
240.0,5C,pull5C_standard,3,theta,pull5C_standard_theta_j3,after,(pull5C_standard_valid > 0.5) && (prob_5C > 0.029999999999999999),3666,3666,0.017979834314271356,1.7184962522364249,0.03344997260935077,0.07693924926907278,2.6778645463397783,0.12949762331006442,4000,0.6493818219011737
240.0,5C,pull5C_standard,3,phi,pull5C_standard_phi_j3,before,pull5C_standard_valid > 0.5,45771,9294,-0.03943171293861541,2.7546856751996964,-0.15656996271552603,0.1264080700710812,3.9805143134747607,0.3240207908597601,4000,1.0166623191498205
240.0,5C,pull5C_standard,3,phi,pull5C_standard_phi_j3,after,(pull5C_standard_valid > 0.5) && (prob_5C > 0.029999999999999999),3666,3666,-0.025780092069193284,1.6883489666175935,-0.0480023504204676,0.06858722637923273,2.512243410852793,0.1099034604418141,4000,0.9298818189653839
240.0,5C,pull5C_standard,3,x,pull5C_standard_x_j3,before,pull5C_standard_valid > 0.5,45771,21299,-0.22008763808361223,2.3202508600995535,-0.24073475790767065,0.022868372898198652,2.0590982328578598,0.032421806465863234,4000,4.285505598342132
240.0,5C,pull5C_standard,3,x,pull5C_standard_x_j3,after,(pull5C_standard_valid > 0.5) && (prob_5C > 0.029999999999999999),3666,3666,-0.11763853936155293,0.9412080224064497,-0.1300506668206709,0.014798450256720247,0.8683623783273089,0.014877867457938232,4000,3.11819597747678
240.0,5C,pull5C_final,3,alpha,pull5C_final_alpha_j3,before,pull5C_final_valid > 0.5,45771,32922,0.0777316628258148,1.9813968381082798,7.579145703984313e-05,0.010443370003678669,1.5014170995742562,0.012350509016159639,4000,15.40335642972549
240.0,5C,pull5C_final,3,alpha,pull5C_final_alpha_j3,after,(pull5C_final_valid > 0.5) && (prob_final_5C > 0.029999999999999999),10237,10237,-0.01875410941298234,0.888182397417759,-0.02864937686219253,0.008712601274460984,0.8516532874912218,0.008982564099042412,4000,7.886384927943813
240.0,5C,pull5C_final,3,theta,pull5C_final_theta_j3,before,pull5C_final_valid > 0.5,45771,19868,-0.02249260025131074,2.349661158342523,-0.014358244698120573,0.027060422172611315,2.257890812538816,0.04139921428624316,4000,2.1970860673435424
240.0,5C,pull5C_final,3,theta,pull5C_final_theta_j3,after,(pull5C_final_valid > 0.5) && (prob_final_5C > 0.029999999999999999),10237,10237,-0.008017882648126686,1.4419031159288156,-0.015596162157523097,0.019194545854890374,1.617737221974267,0.020731066403875786,4000,1.3764642223884622
240.0,5C,pull5C_final,3,phi,pull5C_final_phi_j3,before,pull5C_final_valid > 0.5,45771,19231,-0.0003271653066889167,2.401103647738907,-0.02965054381416849,0.029025225438440494,2.312326301346874,0.04540083315395993,4000,2.2026743542614184
240.0,5C,pull5C_final,3,phi,pull5C_final_phi_j3,after,(pull5C_final_valid > 0.5) && (prob_final_5C > 0.029999999999999999),10237,10237,-0.014134917636741996,1.4799955841200119,-0.022754276452319457,0.02135017127349267,1.7322878243256024,0.024433992547537975,4000,1.1876634045052819
240.0,5C,pull5C_final,3,x,pull5C_final_x_j3,before,pull5C_final_valid > 0.5,45771,28168,-0.052944656292272005,2.0726044195431244,-0.06665291039783215,0.012688701152037308,1.6159375127399882,0.015612813742529763,4000,10.498428348702312
240.0,5C,pull5C_final,3,x,pull5C_final_x_j3,after,(pull5C_final_valid > 0.5) && (prob_final_5C > 0.029999999999999999),10237,10237,-0.007299309271016221,0.954928983044744,-0.013102547437326138,0.00943374017519798,0.9332130002269355,0.008817902136164846,4000,4.800226227110598
240.0,4C,pull4C_standard,4,alpha,pull4C_standard_alpha_j4,before,pull4C_standard_valid > 0.5,45815,37232,-0.306814135456966,1.4459421060891255,-0.20168487336319466,0.005488981052035127,0.927555760136633,0.007208530491726373,4000,63.00578407648227
240.0,4C,pull4C_standard,4,alpha,pull4C_standard_alpha_j4,after,(pull4C_standard_valid > 0.5) && (prob_4C > 0.029999999999999999),29035,29035,-0.2192136408809003,0.8721961218489577,-0.185920859500147,0.005074745222924779,0.7936435308301916,0.006194979168963943,4000,43.682982562246295
240.0,4C,pull4C_standard,4,theta,pull4C_standard_theta_j4,before,pull4C_standard_valid > 0.5,45815,36840,0.020033220262500626,1.6157265652057249,0.01957099899815707,0.006476144979042071,1.1109075428409148,0.007703563466309404,4000,37.619973906370625
240.0,4C,pull4C_standard,4,theta,pull4C_standard_theta_j4,after,(pull4C_standard_valid > 0.5) && (prob_4C > 0.029999999999999999),29035,29035,0.017073869931076704,1.0086343665483481,0.020274132472430432,0.005835200540509136,0.9580095392895821,0.006470396918753674,4000,25.832241346900762
240.0,4C,pull4C_standard,4,phi,pull4C_standard_phi_j4,before,pull4C_standard_valid > 0.5,45815,37600,-0.016553386857641524,1.5922353339750221,-0.009006763532325403,0.006373472986559373,1.107918249224521,0.00749680876112202,4000,38.88132027218879
240.0,4C,pull4C_standard,4,phi,pull4C_standard_phi_j4,after,(pull4C_standard_valid > 0.5) && (prob_4C > 0.029999999999999999),29035,29035,-0.005777130940220951,0.984596902002062,-0.006954793218686227,0.005699385185281985,0.9371790232046691,0.006247728717285739,4000,26.10308396135515
240.0,4C,pull4C_standard,4,x,pull4C_standard_x_j4,before,pull4C_standard_valid > 0.5,45815,37186,-0.28512651676014955,1.4511562879491613,-0.1825989983862016,0.005527557858634536,0.9358899126492498,0.007291099717314342,4000,62.0200155003618
240.0,4C,pull4C_standard,4,x,pull4C_standard_x_j4,after,(pull4C_standard_valid > 0.5) && (prob_4C > 0.029999999999999999),29035,29035,-0.20693569823060406,0.8757086723031048,-0.17376294947934498,0.0050859566580196,0.7982712058340156,0.006185186297661072,4000,42.69132010049742
240.0,4C,pull4C_final,4,alpha,pull4C_final_alpha_j4,before,pull4C_final_valid > 0.5,45815,43854,-0.3251487737604187,1.183914025141594,-0.2358910554506617,0.004702483964351666,0.8688472509431121,0.0058617322594454735,4000,69.83966981436653
240.0,4C,pull4C_final,4,alpha,pull4C_final_alpha_j4,after,(pull4C_final_valid > 0.5) && (prob_final_4C > 0.029999999999999999),39139,39139,-0.24078036810963058,0.8847273990023121,-0.2083882770685569,0.0044479744517526955,0.8058530933349365,0.005403873847748486,4000,56.91290565451638
240.0,4C,pull4C_final,4,theta,pull4C_final_theta_j4,before,pull4C_final_valid > 0.5,45815,43723,0.012039783371994274,1.3190222561470188,0.014692612503197432,0.00517441463089925,1.0085124235469958,0.006108818608138278,4000,46.26288947455496
240.0,4C,pull4C_final,4,theta,pull4C_final_theta_j4,after,(pull4C_final_valid > 0.5) && (prob_final_4C > 0.029999999999999999),39139,39139,0.010719672745560068,0.9903303299127065,0.01457678628686481,0.004918382124085231,0.9386016246777972,0.005520920030354481,4000,35.96437951639072
240.0,4C,pull4C_final,4,phi,pull4C_final_phi_j4,before,pull4C_final_valid > 0.5,45815,43826,-0.008592786341240949,1.3021085705788822,-0.002960036130972781,0.005057973479912385,0.9890884355580913,0.005915299323560108,4000,46.74117133967658
240.0,4C,pull4C_final,4,phi,pull4C_final_phi_j4,after,(pull4C_final_valid > 0.5) && (prob_final_4C > 0.029999999999999999),39139,39139,-0.0032356951370008193,0.9673209444548527,-0.003973743001409701,0.0048083255109082615,0.9192841845701224,0.00533316071844514,4000,35.47593741183883
240.0,4C,pull4C_final,4,x,pull4C_final_x_j4,before,pull4C_final_valid > 0.5,45815,43870,-0.30634723732289176,1.1909950953604025,-0.22021193702845007,0.00470600757758251,0.8736335873796149,0.005858579907841666,4000,68.70643169121837
240.0,4C,pull4C_final,4,x,pull4C_final_x_j4,after,(pull4C_final_valid > 0.5) && (prob_final_4C > 0.029999999999999999),39139,39139,-0.2265123891505137,0.8874439340779846,-0.19494011074533835,0.004452645765204464,0.81011826140756,0.0053902442952820095,4000,55.30128096138803
240.0,5C,pull5C_standard,4,alpha,pull5C_standard_alpha_j4,before,pull5C_standard_valid > 0.5,45771,27227,-0.33247847916182843,2.2258215655724842,-0.30244965251308625,0.016918815193518517,1.8569527879877596,0.02177171792067656,4000,5.702248852147203
240.0,5C,pull5C_standard,4,alpha,pull5C_standard_alpha_j4,after,(pull5C_standard_valid > 0.5) && (prob_5C > 0.029999999999999999),3666,3666,-0.19855604863228662,0.8945380563987541,-0.18459920248991613,0.01419163008544462,0.8195525098641803,0.01534184490750995,4000,4.222974938618823
240.0,5C,pull5C_standard,4,theta,pull5C_standard_theta_j4,before,pull5C_standard_valid > 0.5,45771,8917,-0.012283784486265143,2.774599963104996,-0.21809434433973146,0.17663109916906455,4.616327632159501,0.49646325794628066,0,0.8570706752860296
240.0,5C,pull5C_standard,4,theta,pull5C_standard_theta_j4,after,(pull5C_standard_valid > 0.5) && (prob_5C > 0.029999999999999999),3666,3666,-0.017791467966694504,1.723938060307828,-0.07842375937757325,0.07267324984640751,2.5719021986143034,0.11502248622643485,4000,0.9620276407787457
240.0,5C,pull5C_standard,4,phi,pull5C_standard_phi_j4,before,pull5C_standard_valid > 0.5,45771,9354,0.058797241885151744,2.7253476376103745,0.040552019441704876,0.09791477216807697,3.5374031686831198,0.22250943143726887,4000,1.0758281024361345
240.0,5C,pull5C_standard,4,phi,pull5C_standard_phi_j4,after,(pull5C_standard_valid > 0.5) && (prob_5C > 0.029999999999999999),3666,3666,0.006244959150380275,1.6554371420887712,-0.012748213955711343,0.0568958401679537,2.2652203901137997,0.08076030885719088,4000,0.8569208844989422
240.0,5C,pull5C_standard,4,x,pull5C_standard_x_j4,before,pull5C_standard_valid > 0.5,45771,19942,-0.14845336421156127,2.400507306264568,-0.16346804553325645,0.024843484281942524,2.1233575650620247,0.03582786477730493,4000,2.656985830431253
240.0,5C,pull5C_standard,4,x,pull5C_standard_x_j4,after,(pull5C_standard_valid > 0.5) && (prob_5C > 0.029999999999999999),3666,3666,-0.1815318875845027,1.0781939675809133,-0.18759354718812352,0.018286579828195215,1.0636123651073504,0.016314081400047864,4000,1.5489126324897873
240.0,5C,pull5C_final,4,alpha,pull5C_final_alpha_j4,before,pull5C_final_valid > 0.5,45771,27660,-0.27383454304723415,2.2189922690919834,-0.257645691116262,0.015924099927172888,1.8142723769313989,0.020492331857495216,4000,5.826651293852893
240.0,5C,pull5C_final,4,alpha,pull5C_final_alpha_j4,after,(pull5C_final_valid > 0.5) && (prob_final_5C > 0.029999999999999999),10237,10237,-0.07711903491947632,1.1569554991507656,-0.09977751478591497,0.012316807294308485,1.1665499254373546,0.011879706289586789,4000,5.123347923810914
240.0,5C,pull5C_final,4,theta,pull5C_final_theta_j4,before,pull5C_final_valid > 0.5,45771,19335,0.0011395782155728,2.3934568918150463,-0.05648761687989638,0.031051123699041113,2.4096896785745745,0.04861434423593347,4000,1.1170405676257484
240.0,5C,pull5C_final,4,theta,pull5C_final_theta_j4,after,(pull5C_final_valid > 0.5) && (prob_final_5C > 0.029999999999999999),10237,10237,-0.023742497977395142,1.4969252243244815,-0.03867108219594036,0.021677207343103962,1.7462211799300849,0.024027129559796245,4000,0.9876784534340276
240.0,5C,pull5C_final,4,phi,pull5C_final_phi_j4,before,pull5C_final_valid > 0.5,45771,19453,0.02126972613198231,2.365158710628806,0.007955746954208424,0.0249034444501671,2.131836939576388,0.03565121629163426,4000,1.9922396336429946
240.0,5C,pull5C_final,4,phi,pull5C_final_phi_j4,after,(pull5C_final_valid > 0.5) && (prob_final_5C > 0.029999999999999999),10237,10237,0.006923096270761219,1.444061146861099,-0.0011167214990008287,0.019390733391480237,1.62912073599326,0.021136032940512584,4000,1.290380082315623
240.0,5C,pull5C_final,4,x,pull5C_final_x_j4,before,pull5C_final_valid > 0.5,45771,25742,-0.11656984685387872,2.2408497527538374,-0.14112806884591256,0.016502066809496535,1.8280805917164205,0.021506716426298533,4000,5.400287784704418
240.0,5C,pull5C_final,4,x,pull5C_final_x_j4,after,(pull5C_final_valid > 0.5) && (prob_final_5C > 0.029999999999999999),10237,10237,-0.06938958285968495,1.1825219211867306,-0.07936646476464082,0.012712774544919427,1.2087914292146107,0.01170529807703824,4000,2.470890638656025
